Type,Name,Request Count,Failure Count,Median Response Time,Average Response Time,Min Response Time,Max Response Time,Average Content Size,Requests/s,Failures/s,50%,66%,75%,80%,90%,95%,98%,99%,99.9%,99.99%,100%
POST,/graphql,12047,0,3,7.271623109487956,1.0023999999475564,1593.5144000000037,99.0,203.12890828267604,0.0,3,3,4,4,5,8,21,26,1600,1600,1600
,Aggregated,12047,0,3,7.271623109487956,1.0023999999475564,1593.5144000000037,99.0,203.12890828267604,0.0,3,3,4,4,5,8,21,26,1600,1600,1600
