Type,Name,Request Count,Failure Count,Median Response Time,Average Response Time,Min Response Time,Max Response Time,Average Content Size,Requests/s,Failures/s,50%,66%,75%,80%,90%,95%,98%,99%,99.9%,99.99%,100%
POST,/graphql,12011,0,4,5.1765888269072855,1.5062000002217246,108.54120000021794,2905.0,202.80673733470394,0.0,4,4,5,6,7,14,29,34,80,110,110
,Aggregated,12011,0,4,5.1765888269072855,1.5062000002217246,108.54120000021794,2905.0,202.80673733470394,0.0,4,4,5,6,7,14,29,34,80,110,110
