Type,Name,Request Count,Failure Count,Median Response Time,Average Response Time,Min Response Time,Max Response Time,Average Content Size,Requests/s,Failures/s,50%,66%,75%,80%,90%,95%,98%,99%,99.9%,99.99%,100%
POST,/graphql,293,0,2,16.62625392493202,1.6797999996924773,1563.653900000645,99.0,4.948216952547582,0.0,2,2,2,2,3,3,6,550,1600,1600,1600
,Aggregated,293,0,2,16.62625392493202,1.6797999996924773,1563.653900000645,99.0,4.948216952547582,0.0,2,2,2,2,3,3,6,550,1600,1600,1600
