Type,Name,Request Count,Failure Count,Median Response Time,Average Response Time,Min Response Time,Max Response Time,Average Content Size,Requests/s,Failures/s,50%,66%,75%,80%,90%,95%,98%,99%,99.9%,99.99%,100%
gRPC,GetUsers,11844,0,0,0.19103546313279707,0,27.82273292541504,132.0,203.10249552758063,0.0,0,0,0,0,1,1,1,2,6,16,28
,Aggregated,11844,0,0,0.19103546313279707,0,27.82273292541504,132.0,203.10249552758063,0.0,0,0,0,0,1,1,1,2,6,16,28
