Type,Name,Request Count,Failure Count,Median Response Time,Average Response Time,Min Response Time,Max Response Time,Average Content Size,Requests/s,Failures/s,50%,66%,75%,80%,90%,95%,98%,99%,99.9%,99.99%,100%
gRPC,GetUsers,12067,0,0,0.17223739876924557,0,276.6871452331543,177.0,202.82178471723992,0.0,0,0,0,0,1,1,1,1,16,16,280
,Aggregated,12067,0,0,0.17223739876924557,0,276.6871452331543,177.0,202.82178471723992,0.0,0,0,0,0,1,1,1,1,16,16,280
