Type,Name,Request Count,Failure Count,Median Response Time,Average Response Time,Min Response Time,Max Response Time,Average Content Size,Requests/s,Failures/s,50%,66%,75%,80%,90%,95%,98%,99%,99.9%,99.99%,100%
gRPC,GetUsers,11806,0,2,2.0232397924736962,0.5049705505371094,270.6336975097656,8504.0,201.3484766658697,0.0,2,2,2,2,3,3,4,4,5,6,270
,Aggregated,11806,0,2,2.0232397924736962,0.5049705505371094,270.6336975097656,8504.0,201.3484766658697,0.0,2,2,2,2,3,3,4,4,5,6,270
