Type,Name,Request Count,Failure Count,Median Response Time,Average Response Time,Min Response Time,Max Response Time,Average Content Size,Requests/s,Failures/s,50%,66%,75%,80%,90%,95%,98%,99%,99.9%,99.99%,100%
GET,/users,292,0,2,1.8406640410924173,1.0440999994898448,16.436899999462184,106.0,5.008758369225699,0.0,2,2,2,2,2,3,4,7,16,16,16
,Aggregated,292,0,2,1.8406640410924173,1.0440999994898448,16.436899999462184,106.0,5.008758369225699,0.0,2,2,2,2,2,3,4,7,16,16,16
