Type,Name,Request Count,Failure Count,Median Response Time,Average Response Time,Min Response Time,Max Response Time,Average Content Size,Requests/s,Failures/s,50%,66%,75%,80%,90%,95%,98%,99%,99.9%,99.99%,100%
GET,/users,12034,0,2,4.976257794581967,0.7934000000204833,1070.7813999999871,106.0,202.83428210813656,0.0,2,3,3,3,4,7,19,22,1100,1100,1100
,Aggregated,12034,0,2,4.976257794581967,0.7934000000204833,1070.7813999999871,106.0,202.83428210813656,0.0,2,3,3,3,4,7,19,22,1100,1100,1100
