Type,Name,Request Count,Failure Count,Median Response Time,Average Response Time,Min Response Time,Max Response Time,Average Content Size,Requests/s,Failures/s,50%,66%,75%,80%,90%,95%,98%,99%,99.9%,99.99%,100%
GET,/users,12018,0,2,3.3040822849022926,0.8233999997173669,39.20560000005935,3785.0,202.81647391941655,0.0,2,3,3,3,4,7,19,22,36,39,39
,Aggregated,12018,0,2,3.3040822849022926,0.8233999997173669,39.20560000005935,3785.0,202.81647391941655,0.0,2,3,3,3,4,7,19,22,36,39,39
