Type,Name,Request Count,Failure Count,Median Response Time,Average Response Time,Min Response Time,Max Response Time,Average Content Size,Requests/s,Failures/s,50%,66%,75%,80%,90%,95%,98%,99%,99.9%,99.99%,100%
POST,/,11765,0,3,3.8433130216762375,1.1646000002656365,84.60509999986243,6124.0,201.780669545622,0.0,3,3,4,4,5,8,22,24,63,84,85
,Aggregated,11765,0,3,3.8433130216762375,1.1646000002656365,84.60509999986243,6124.0,201.780669545622,0.0,3,3,4,4,5,8,22,24,63,84,85
