Type,Name,Request Count,Failure Count,Median Response Time,Average Response Time,Min Response Time,Max Response Time,Average Content Size,Requests/s,Failures/s,50%,66%,75%,80%,90%,95%,98%,99%,99.9%,99.99%,100%
POST,/,288,0,2,9.023300694461037,1.1936000000787317,1041.7655999999624,408.0,4.953564344007874,0.0,2,2,2,2,2,2,4,16,1000,1000,1000
,Aggregated,288,0,2,9.023300694461037,1.1936000000787317,1041.7655999999624,408.0,4.953564344007874,0.0,2,2,2,2,2,2,4,16,1000,1000,1000
